<?xml version="1.0" encoding="UTF-8"?>

<!--
  ~ JBoss, Home of Professional Open Source.
  ~ Copyright 2013, Red Hat, Inc., and individual contributors
  ~ as indicated by the @author tags. See the copyright.txt file in the
  ~ distribution for a full listing of individual contributors.
  ~
  ~ This is free software; you can redistribute it and/or modify it
  ~ under the terms of the GNU Lesser General Public License as
  ~ published by the Free Software Foundation; either version 2.1 of
  ~ the License, or (at your option) any later version.
  ~
  ~ This software is distributed in the hope that it will be useful,
  ~ but WITHOUT ANY WARRANTY; without even the implied warranty of
  ~ MERCHANTABILITY or FITNESS FOR A PARTICULAR PURPOSE. See the GNU
  ~ Lesser General Public License for more details.
  ~
  ~ You should have received a copy of the GNU Lesser General Public
  ~ License along with this software; if not, write to the Free
  ~ Software Foundation, Inc., 51 Franklin St, Fifth Floor, Boston, MA
  ~ 02110-1301 USA, or see the FSF site: http://www.fsf.org.
  -->

<module xmlns="urn:jboss:module:1.3" name="org.jboss.resteasy.resteasy-context-propagation">
    <properties>
        <property name="jboss.api" value="private"/>
    </properties>

    <resources>
        <artifact name="org.jboss.resteasy:resteasy-context-propagation:4.5.3.Final"/>
        <artifact name="io.smallrye:smallrye-context-propagation:1.0.1"/>
        <artifact name="io.smallrye:smallrye-context-propagation-api:1.0.1"/>
        <artifact name="jakarta.enterprise:jakarta.enterprise.cdi-api:2.0.2"/>
        <artifact name="org.eclipse.microprofile.context-propagation:microprofile-context-propagation-api:1.0.1"/>
        <!-- Insert resources here -->
    </resources>

    <dependencies>
        <module name="javax.ws.rs.api"/>
        <module name="org.jboss.resteasy.resteasy-jaxrs"/>
    </dependencies>
</module>
