<?xml version="1.0" encoding="UTF-8"?>

<!--
  ~ JBoss, Home of Professional Open Source.
  ~ Copyright 2010, Red Hat, Inc., and individual contributors
  ~ as indicated by the @author tags. See the copyright.txt file in the
  ~ distribution for a full listing of individual contributors.
  ~
  ~ This is free software; you can redistribute it and/or modify it
  ~ under the terms of the GNU Lesser General Public License as
  ~ published by the Free Software Foundation; either version 2.1 of
  ~ the License, or (at your option) any later version.
  ~
  ~ This software is distributed in the hope that it will be useful,
  ~ but WITHOUT ANY WARRANTY; without even the implied warranty of
  ~ MERCHANTABILITY or FITNESS FOR A PARTICULAR PURPOSE. See the GNU
  ~ Lesser General Public License for more details.
  ~
  ~ You should have received a copy of the GNU Lesser General Public
  ~ License along with this software; if not, write to the Free
  ~ Software Foundation, Inc., 51 Franklin St, Fifth Floor, Boston, MA
  ~ 02110-1301 USA, or see the FSF site: http://www.fsf.org.
  -->

<module xmlns="urn:jboss:module:1.5" name="org.jboss.resteasy.resteasy-json-binding-provider">

    <properties>
        <property name="jboss.api" value="private"/>
    </properties>
    
    <resources>
        <artifact name="org.jboss.resteasy:resteasy-json-binding-provider:4.5.3.Final"/>
        <!-- Insert resources here -->
    </resources>

    <dependencies>
        <module name="org.glassfish.javax.json"/>
        <module name="javax.json.bind.api" export="true"/>
        <module name="org.eclipse.yasson"/>
        <module name="javax.api"/>
        <module name="javax.annotation.api"/>
        <module name="javax.json.api"/>
        <module name="javax.enterprise.api"/>
        <module name="javax.ws.rs.api"/>
        <module name="javax.xml.bind.api"/>
        <module name="org.jboss.resteasy.resteasy-jaxrs"/>
        <module name="org.jboss.logging"/>
        <module name="org.apache.commons.io"/>
    </dependencies>
</module>
