<?xml version="1.0" encoding="UTF-8"?>

<!--
  ~ JBoss, Home of Professional Open Source.
  ~ Copyright 2010, Red Hat, Inc., and individual contributors
  ~ as indicated by the @author tags. See the copyright.txt file in the
  ~ distribution for a full listing of individual contributors.
  ~
  ~ This is free software; you can redistribute it and/or modify it
  ~ under the terms of the GNU Lesser General Public License as
  ~ published by the Free Software Foundation; either version 2.1 of
  ~ the License, or (at your option) any later version.
  ~
  ~ This software is distributed in the hope that it will be useful,
  ~ but WITHOUT ANY WARRANTY; without even the implied warranty of
  ~ MERCHANTABILITY or FITNESS FOR A PARTICULAR PURPOSE. See the GNU
  ~ Lesser General Public License for more details.
  ~
  ~ You should have received a copy of the GNU Lesser General Public
  ~ License along with this software; if not, write to the Free
  ~ Software Foundation, Inc., 51 Franklin St, Fifth Floor, Boston, MA
  ~ 02110-1301 USA, or see the FSF site: http://www.fsf.org.
  -->

<module xmlns="urn:jboss:module:1.3" name="org.jboss.resteasy.resteasy-jackson2-provider">
    <resources>
        <artifact name="org.jboss.resteasy:resteasy-jackson2-provider:4.5.3.Final"/>
        <!-- Insert resources here -->
    </resources>

    <dependencies>
        <module name="com.fasterxml.jackson.core.jackson-annotations" export="true"/>
        <module name="com.fasterxml.jackson.core.jackson-core" export="true"/>
        <module name="com.fasterxml.jackson.core.jackson-databind" export="true"/>
        <module name="com.fasterxml.jackson.jaxrs.jackson-jaxrs-json-provider"/>
        <module name="com.fasterxml.jackson.datatype.jackson-datatype-jdk8"/>
        <module name="com.fasterxml.jackson.datatype.jackson-datatype-jsr310"/>
        <module name="com.github.fge.json-patch"/>
        <module name="javax.xml.bind.api"/>
        <module name="javax.api"/>
        <module name="javax.enterprise.api"/>
        <module name="javax.servlet.api"/>
        <module name="javax.ws.rs.api"/>
        <module name="org.jboss.resteasy.resteasy-jaxrs"/>
        <module name="org.jboss.logging"/>
    </dependencies>
</module>
